hyponym,hypo-definition,hypernym
abnormal,not normal; not typical or usual or regular or conforming to a norm,different
abnormal,not normal; not typical or usual or regular or conforming to a norm,uncommon
above,appearing earlier in the same text,preceding
absolute,perfect or complete or pure,perfect
absolute,perfect or complete or pure,total
absolute,perfect or complete or pure,pure
accessible,capable of being reached,obtainable
accurate,conforming exactly or almost exactly to fact or to a standard or performing with total accuracy,valid
accurate,conforming exactly or almost exactly to fact or to a standard or performing with total accuracy,truthful
active,tending to become more severe or wider in scope,severe
addicted,compulsively or physiologically dependent on something habit-forming,compulsive
additional,further or added,further
administrative,of or relating to or responsible for administration,organizational
administrative,of or relating to or responsible for administration,governmental
advanced,farther along in physical or mental development,evolved
adverse,contrary to your interests or welfare,negative
aesthetic,relating to or dealing with the subject of aesthetics,philosophical
afraid,filled with fear or apprehension,concerned
afraid,filled with fear or apprehension,timid
aggregate,formed of separate units gathered into a mass or whole,assembled
aggregate,formed of separate units gathered into a mass or whole,collective
aggregate,formed of separate units gathered into a mass or whole,unified
agile,moving quickly and lightly,fast
agreed,united by being of the same opinion,consistent
agreed,united by being of the same opinion,similar
agreed,united by being of the same opinion,unified
alien,not contained in or deriving from the essential nature of something,extraneous
alien,not contained in or deriving from the essential nature of something,strange
alien,not contained in or deriving from the essential nature of something,unfamiliar
alive,possessing life,living
alive,possessing life,biological
alive,possessing life,existing
alleged,declared but not proved,asserted
alleged,declared but not proved,purported
alleged,declared but not proved,reported
alleged,declared but not proved,claimed
allied,of or relating to or denoting the Allies in World War II,military
allied,of or relating to or denoting the Allies in World War II,international
alone,isolated from others,detached
alone,isolated from others,remote
aloof,remote in manner,unfriendly
alright,nonstandard usage,adequate
alternative,serving or used in place of another,replacement
amateur,engaged in as a pastime,casual
amazing,surprising greatly,surprising
amber,of a medium to dark brownish yellow color,yellowish
amber,of a medium to dark brownish yellow color,brownish
amber,of a medium to dark brownish yellow color,golden
ambiguous,open to two or more interpretations; or of uncertain nature or significance; or (often) intended to mislead,obscure
ancient,belonging to times long past especially of the historical period before the fall of the Western Roman Empire,archaic
ancient,belonging to times long past especially of the historical period before the fall of the Western Roman Empire,historical
ancient,belonging to times long past especially of the historical period before the fall of the Western Roman Empire,past
ancient,belonging to times long past especially of the historical period before the fall of the Western Roman Empire,early
angry,feeling or showing anger,agitated
angry,feeling or showing anger,annoyed
angry,feeling or showing anger,emotional
annual,completing its life cycle within a year,cyclical
anxious,eagerly desirous,keen
appalling,strike with disgust or revulsion,terrible
apparent,clearly revealed to the mind or the senses or judgment,clear
applied,concerned with concrete problems or data rather than with fundamental principles,functional
appointed,subject to appointment,official
appointed,subject to appointment,assigned
appropriate,suitable for a particular person or place or condition etc,proper
approved,established by authority; given authoritative approval,legitimate
approved,established by authority; given authoritative approval,official
approved,established by authority; given authoritative approval,valid
arbitrary,based on or subject to individual discretion or preference or sometimes impulse or caprice,discretionary
arbitrary,based on or subject to individual discretion or preference or sometimes impulse or caprice,personal
arbitrary,based on or subject to individual discretion or preference or sometimes impulse or caprice,random
arbitrary,based on or subject to individual discretion or preference or sometimes impulse or caprice,individual
architectural,of or pertaining to the art and science of architecture,structural
armed,(used of persons or the military) characterized by having or bearing arms,militarized
armed,(used of persons or the military) characterized by having or bearing arms,prepared
armed,(used of persons or the military) characterized by having or bearing arms,military
arrogant,having or showing feelings of unwarranted importance out of overbearing pride,conceited
artificial,contrived by art rather than nature,synthetic
artificial,contrived by art rather than nature,man-made
artistic,relating to or characteristic of art or artists,imaginative
artistic,relating to or characteristic of art or artists,expressive
ashamed,feeling shame or guilt or embarrassment or remorse,embarrassed
ashamed,feeling shame or guilt or embarrassment or remorse,guilty
asleep,in a state of sleep,resting
assistant,of or relating to a person who is subordinate to another,secondary
assistant,of or relating to a person who is subordinate to another,dependent
assistant,of or relating to a person who is subordinate to another,auxiliary
astonishing,surprising greatly,extraordinary
atomic,of or relating to or comprising atoms,material
atomic,of or relating to or comprising atoms,chemical
atomic,of or relating to or comprising atoms,physical
attempted,tried unsuccessfully,fruitless
automatic,operating with minimal human intervention; independent of external control,self-sufficient
automatic,operating with minimal human intervention; independent of external control,self-operating
available,obtainable or accessible and ready for use or service,obtainable
average,approximating the statistical norm or average or expected value,standard
awful,offensive or even (of persons) malicious,evil
awful,offensive or even (of persons) malicious,bad
back,related to or located at the back,dorsal
balanced,being in a state of proper equilibrium,even
bald,with no effort to conceal,exposed
bare,not having a protective covering,defenseless
basic,pertaining to or constituting a base or basis,underlying
beautiful,delighting the senses or exciting intellectual or emotional admiration,appealing
beautiful,delighting the senses or exciting intellectual or emotional admiration,pleasing
beneficial,promoting or enhancing well-being,constructive
big,above average in size or number or quantity or magnitude or extent,substantial
binding,executed with proper legal authority,official
biological,pertaining to biology or to life and living things,organic
biological,pertaining to biology or to life and living things,physical
biological,pertaining to biology or to life and living things,living
biological,pertaining to biology or to life and living things,scientific
bitter,causing a sharp and acrid taste experience,pungent
bitter,marked by strong resentment or cynicism,negative
bizarre,conspicuously or grossly unconventional or unusual,peculiar
black,being of the achromatic color of maximum darkness; having little or no hue owing to absorption of almost all incident light,achromatic
black,offering little or no hope,dire
black,offering little or no hope,desperate
bland,lacking taste or flavor or tang,unflavored
bland,lacking taste or flavor or tang,tasteless
blonde,being or having light colored skin and hair and usually blue or grey eyes,light
bloody,having or covered with or accompanied by blood,gory
blue,of the color intermediate between green and violet; having a color similar to that of a clear unclouded sky,vivid
blue,of the color intermediate between green and violet; having a color similar to that of a clear unclouded sky,colored
blue,of the color intermediate between green and violet; having a color similar to that of a clear unclouded sky,colorful
blue,of the color intermediate between green and violet; having a color similar to that of a clear unclouded sky,chromatic
bodily,of or relating to or belonging to the body,biological
bodily,of or relating to or belonging to the body,material
bold,fearless and daring,fearless
bored,tired of the world,tired
bored,tired of the world,discontented
bottom,situated at the bottom or lowest position,basal
bottom,situated at the bottom or lowest position,inferior
brief,of short duration or distance,temporary
brilliant,of surpassing excellence,superior
broad,having great (or a certain) extent from one side to the other,great
broken,physically and forcibly separated into pieces or cracked or split,fractured
broken,physically and forcibly separated into pieces or cracked or split,defective
brown,Scottish botanist who first observed the movement of small particles in fluids now known a Brownian motion (1773-1858),british
brown,Scottish botanist who first observed the movement of small particles in fluids now known a Brownian motion (1773-1858),scientific
brown,Scottish botanist who first observed the movement of small particles in fluids now known a Brownian motion (1773-1858),historical
burning,of immediate import,important
busy,actively or fully engaged or occupied,active
busy,actively or fully engaged or occupied,involved
calm,(of weather) free from storm or wind,peaceful
calm,(of weather) free from storm or wind,mild
capable,(usually followed by ‘of’) having capacity or ability,competent
careful,exercising caution or showing care or attention,cautious
causal,involving or constituting a cause; causing,influential
central,in or near a center or constituting a center; the inner area,principal
certain,having or feeling no doubt or uncertainty; confident and assured,positive
changing,marked by continuous change or effective action,mutable
changing,marked by continuous change or effective action,active
characteristic,typical or distinctive,distinctive
characteristic,typical or distinctive,general
charming,pleasing or delighting,appealing
charming,pleasing or delighting,delightful
charming,pleasing or delighting,attractive
cheap,relatively low in price or charging low prices,economical
chemical,relating to or used in chemistry,technical
chief,most important element,major
chief,most important element,leading
chosen,the name for Korea as a Japanese province (1910-1945),political
chosen,the name for Korea as a Japanese province (1910-1945),japanese
circular,having the shape or form of a circle,shaped
circular,having the shape or form of a circle,curved
civic,of or relating or belonging to a city,public
civic,of or relating or belonging to a city,municipal
civil,not rude; marked by satisfactory (or especially minimal) adherence to social usages and sufficient but not noteworthy consideration for others,considerate
civilian,associated with civil life or performed by persons who are not active members of the military,public
civilian,associated with civil life or performed by persons who are not active members of the military,civil
civilian,associated with civil life or performed by persons who are not active members of the military,nonmilitary
classical,"of or relating to the first significant period of a civilization, culture, area of study, etc.",cultural
clean,free from dirt or impurities; or having clean habits,tidy
clear,free from clouds or mist or haze,unobstructed
clinical,relating to a clinic or conducted in or as if in a clinic and depending on direct observation of patients,observational
clinical,relating to a clinic or conducted in or as if in a clinic and depending on direct observation of patients,professional
clinical,relating to a clinic or conducted in or as if in a clinic and depending on direct observation of patients,practical
close,close in relevance or relationship,relevant
close,close in relevance or relationship,pertinent
closed,not open or affording passage or access,blocked
closed,not open or affording passage or access,obstructed
closed,not open or affording passage or access,restricted
closed,not open or affording passage or access,inaccessible
coastal,of or relating to a coast,marine
coherent,"marked by an orderly, logical, and aesthetically consistent relation of parts",orderly
collective,forming a whole or aggregate,total
collective,forming a whole or aggregate,integrated
colonial,of or relating to or characteristic of or inhabiting a colony,political
colonial,of or relating to or characteristic of or inhabiting a colony,historical
colonial,of or relating to or characteristic of or inhabiting a colony,imperial
comfortable,providing or experiencing physical well-being or relief (‘comfy’ is informal),agreeable
coming,of the relatively near future,impending
coming,of the relatively near future,prospective
commercial,connected with or engaged in or sponsored by or used in commerce or commercial enterprises,financial
common,belonging to or participated in by a community as a whole; public,general
common,common to or shared by two or more parties,collective
common,common to or shared by two or more parties,shared
common,common to or shared by two or more parties,general
common,having no special distinction or quality; widely known or commonly encountered; average or ordinary or usual,general
comparable,able to be compared or worthy of comparison,measurable
comparable,able to be compared or worthy of comparison,similar
comparable,able to be compared or worthy of comparison,assessable
compatible,able to exist and perform in harmonious or agreeable combination,suitable
competent,properly or sufficiently qualified or capable or efficient,proficient
complete,having every necessary or normal part or component or step,entire
compulsory,required by rule,obligatory
conceptual,being or characterized by concepts or their formation,cognitive
concrete,capable of being perceived by the senses; not abstract or imaginary,real
confident,having or marked by confidence or assurance,self-assured
confident,having or marked by confidence or assurance,bold
confident,having or marked by confidence or assurance,optimistic
confidential,entrusted with private information and the confidence of another,reliable
confidential,entrusted with private information and the confidence of another,private
confidential,entrusted with private information and the confidence of another,trusted
conscious,knowing and perceiving; having awareness of surroundings and sensations and thoughts,cognitive
conservative,"resistant to change, particularly in relation to politics or religion",resistant
consistent,(sometimes followed by ‘with’) in agreement or consistent or reliable,stable
consistent,(sometimes followed by ‘with’) in agreement or consistent or reliable,reliable
constant,steadfast in purpose or devotion or affection,steadfast
constant,steadfast in purpose or devotion or affection,dedicated
continental,of or pertaining to or typical of Europe,western
continued,without stop or interruption,persistent
continuing,remaining in force or being carried on without letup,enduring
continuous,continuing in time or space without interruption,persistent
contrary,very opposed in nature or character or purpose,conflicting
controversial,marked by or capable of arousing controversy,problematic
controversial,marked by or capable of arousing controversy,debated
controversial,marked by or capable of arousing controversy,debatable
controversial,marked by or capable of arousing controversy,questionable
controversial,marked by or capable of arousing controversy,contentious
controversial,marked by or capable of arousing controversy,disputed
conventional,following accepted customs and proprieties,customary
conventional,following accepted customs and proprieties,normal
convincing,causing one to believe the truth of something,compelling
convincing,causing one to believe the truth of something,effective
cooperative,done with or working with others for a common purpose or benefit,collaborative
cooperative,done with or working with others for a common purpose or benefit,social
corporate,of or belonging to a corporation,organizational
corresponding,accompanying,accompanying
costly,entailing great loss or sacrifice,valuable
costly,entailing great loss or sacrifice,significant
costly,entailing great loss or sacrifice,expensive
crazy,affected with madness or insanity,abnormal
creative,having the ability or power to create,ingenious
creative,having the ability or power to create,imaginative
creative,having the ability or power to create,innovative
creative,having the ability or power to create,resourceful
critical,being in or verging on a state of crisis or emergency,dangerous
crucial,of extreme importance; vital to the resolution of a crisis,vital
cultural,of or relating to the arts and manners that a group favors,artistic
cultural,of or relating to the arts and manners that a group favors,human
dangerous,involving or causing danger or risk; liable to hurt or harm,threatening
dangerous,involving or causing danger or risk; liable to hurt or harm,risky
dangerous,involving or causing danger or risk; liable to hurt or harm,hazardous
dangerous,involving or causing danger or risk; liable to hurt or harm,perilous
dead,no longer having or seeming to have or expecting to have life,extinct
dead,no longer having or seeming to have or expecting to have life,inert
dead,no longer having or seeming to have or expecting to have life,nonliving
dead,no longer having or seeming to have or expecting to have life,inanimate
deadly,causing or capable of causing death,fatal
deaf,lacking or deprived of the sense of hearing wholly or in part,sensory
deaf,lacking or deprived of the sense of hearing wholly or in part,handicapped
dear,dearly loved,cherished
dear,dearly loved,affectionate
decent,conforming to conventions of sexual behavior,moral
deep,relatively deep or strong; affecting one deeply,powerful
deep,relatively deep or strong; affecting one deeply,profound
definite,precise; explicit and clearly defined,unambiguous
definite,precise; explicit and clearly defined,explicit
deliberate,carefully thought out in advance,purposeful
delicate,exquisitely fine and subtle and pleasing; susceptible to injury,pleasing
delicious,variety of sweet eating apples,palatable
delicious,variety of sweet eating apples,flavorful
delicious,variety of sweet eating apples,edible
delighted,greatly pleased,glad
delighted,greatly pleased,happy
dense,permitting little if any light to pass through because of denseness of matter,dark
departmental,of or relating to a department,institutional
departmental,of or relating to a department,administrative
dependent,"relying on or requiring a person or thing for support, supply, or what is needed",subservient
dependent,"relying on or requiring a person or thing for support, supply, or what is needed",needy
depending,being determined by conditions or circumstances that follow,circumstantial
depending,being determined by conditions or circumstances that follow,variable
depressed,lower than previously,diminished
desirable,worth having or seeking or achieving,valuable
desirable,worth having or seeking or achieving,positive
desired,wanted intensely,coveted
desperate,arising from or marked by despair or loss of hope,hopeless
desperate,arising from or marked by despair or loss of hope,distressed
determined,having been learned or found or determined especially by investigation,known
determined,having been learned or found or determined especially by investigation,established
developed,being changed over time so as to be e.g. stronger or more complete or more useful,mature
developing,relating to societies in which capital needed to industrialize is in short supply,economic
devoted,zealous in devotion or affection,enthusiastic
different,unlike in nature or quality or form or degree,diverse
different,unlike in nature or quality or form or degree,varied
differential,relating to or showing a difference,different
difficult,not easy; requiring great physical or mental effort to accomplish or comprehend or endure,complex
digital,displaying numbers rather than scale positions,electronic
diplomatic,relating to or characteristic of diplomacy,tactful
direct,direct in spatial dimensions; proceeding without deviation or interruption; straight and short,linear
disabled,"the total or partial absence of a person's bodily or mental functions, including the absence of a part of a person's body",affected
disabled,"the total or partial absence of a person's bodily or mental functions, including the absence of a part of a person's body",limited
disastrous,(of events) having extremely unfortunate or dire consequences; bringing ruin,negative
discreet,marked by prudence or modesty and wise self-restraint,cautious
discreet,marked by prudence or modesty and wise self-restraint,restrained
distinct,easy to perceive; especially clearly outlined,noticeable
distinctive,of a feature that helps to distinguish a person or thing,special
diverse,many and different,multiple
domestic,of or relating to the home,home
domestic,of or relating to the home,private
dominant,exercising influence or control,powerful
double,used of flowers having more than the usual number of petals in crowded or overlapping arrangements,full
doubtful,open to doubt or suspicion,ambiguous
dreadful,causing fear or dread or terror,scary
driving,having the power of driving or impelling,powerful
driving,having the power of driving or impelling,propelling
drunk,stupefied or excited by a chemical substance (especially alcohol),altered
drunk,stupefied or excited by a chemical substance (especially alcohol),affected
dry,free from liquid or moisture; lacking natural or normal moisture or depleted of water; or no longer wet,desiccated
dry,free from liquid or moisture; lacking natural or normal moisture or depleted of water; or no longer wet,waterless
dry,free from liquid or moisture; lacking natural or normal moisture or depleted of water; or no longer wet,parched
dual,consisting of or involving two parts or components usually in pairs,binary
dual,consisting of or involving two parts or components usually in pairs,composite
due,owed and payable immediately or on demand,financial
due,owed and payable immediately or on demand,obligatory
due,owed and payable immediately or on demand,outstanding
dull,lacking in liveliness or animation,lifeless
dull,lacking in liveliness or animation,unexciting
dull,lacking in liveliness or animation,flat
dull,not having a sharp edge or point,smooth
dull,not having a sharp edge or point,flat
dynamic,characterized by action or forcefulness or force of personality,powerful
eager,having or showing keen interest or intense desire or impatient expectancy,motivated
eager,having or showing keen interest or intense desire or impatient expectancy,keen
early,at or near the beginning of a period of time or course of events or before the usual or expected time,prior
early,at or near the beginning of a period of time or course of events or before the usual or expected time,premature
early,at or near the beginning of a period of time or course of events or before the usual or expected time,temporal
early,at or near the beginning of a period of time or course of events or before the usual or expected time,preceding
eastern,of or characteristic of eastern regions of the United States,geographic
eastern,of or characteristic of eastern regions of the United States,local
easy,posing no difficulty; requiring little effort,manageable
easy,posing no difficulty; requiring little effort,effortless
educational,relating to the process of education,cognitive
educational,relating to the process of education,intellectual
effective,producing or capable of producing an intended result or having a striking effect,productive
elaborate,marked by complexity and richness of detail,ornate
elaborate,marked by complexity and richness of detail,rich
elderly,advanced in years; (‘aged’ is pronounced as two syllables),mature
elected,subject to popular election,appointed
elected,subject to popular election,democratic
electric,using or providing or producing or transmitting or operated by electricity,mechanical
electric,using or providing or producing or transmitting or operated by electricity,technological
electronic,of or relating to electronics; concerned with or using devices that operate on principles governing the behavior of electrons,technological
elegant,refined and tasteful in appearance or behavior or style,stylish
eligible,qualified for or allowed or worthy of being chosen,acceptable
embarrassed,feeling or caused to feel ill at ease or self-conscious or ashamed,uncomfortable
embarrassed,feeling or caused to feel ill at ease or self-conscious or ashamed,uneasy
emotional,determined or actuated by emotion rather than reason,affective
emotional,determined or actuated by emotion rather than reason,reactive
emotional,determined or actuated by emotion rather than reason,sensitive
empty,holding or containing nothing,vacant
empty,holding or containing nothing,devoid
endless,tiresomely long; seemingly without end,continuous
endless,tiresomely long; seemingly without end,protracted
enthusiastic,having or showing great excitement and interest,excited
enthusiastic,having or showing great excitement and interest,involved
enthusiastic,having or showing great excitement and interest,interested
entire,constituting the full quantity or extent; complete,complete
entire,constituting the full quantity or extent; complete,absolute
environmental,of or relating to the external conditions or surroundings,physical
equal,"having the same quantity, value, or measure as another",identical
equal,"having the same quantity, value, or measure as another",uniform
essential,basic and fundamental,basic
essential,basic and fundamental,fundamental
ethical,of or relating to the philosophical study of ethics,principled
ethnic,denoting or deriving from or distinctive of the ways of living built up by a group of people,social
even,divisible by two,divisible
eventual,expected to follow in the indefinite future from causes already operating,probable
everyday,found in the ordinary course of events,normal
everyday,found in the ordinary course of events,typical
evident,clearly revealed to the mind or the senses or judgment,obvious
evil,morally bad or wrong,unethical
evolutionary,of or relating to or produced by evolution,organic
excellent,very good; of the highest quality,fine
excellent,very good; of the highest quality,positive
exceptional,far beyond what is usual in magnitude or degree,significant
exceptional,far beyond what is usual in magnitude or degree,uncommon
exceptional,far beyond what is usual in magnitude or degree,notable
excess,"more than is needed, desired, or required",abundant
excess,"more than is needed, desired, or required",ample
excessive,beyond normal limits,immoderate
exciting,creating or arousing excitement,engaging
exciting,creating or arousing excitement,thrilling
exclusive,excluding much or all; especially all but a particular group or minority,particular
exclusive,excluding much or all; especially all but a particular group or minority,restrictive
exclusive,excluding much or all; especially all but a particular group or minority,limited
executive,having the function of carrying out plans or orders etc.,functional
expected,considered likely or probable to happen or arrive,potential
experienced,having experience; having knowledge or skill from observation or participation,qualified
experimental,relating to or based on experiment,innovative
explicit,precisely and clearly expressed or readily observable; leaving nothing to implication,precise
express,not tacit or implied,plain
extended,fully extended or stretched forth,stretched
extensive,of agriculture; increasing productivity by using large areas with minimal outlay and labor,large-scale
external,happening or arising or located outside or beyond some limits or especially surface,peripheral
extinct,no longer in existence; lost or especially having died out leaving no living representatives,lost
extinct,no longer in existence; lost or especially having died out leaving no living representatives,vanished
extra,"more than is needed, desired, or required",abundant
extreme,of the greatest possible degree or extent or intensity,radical
faint,deficient in magnitude; barely perceptible; lacking clarity or brightness or loudness etc,slight
faithful,steadfast in affection or allegiance,reliable
faithful,steadfast in affection or allegiance,loyal
familiar,well known or easily recognized,common
familiar,well known or easily recognized,recognized
familiar,well known or easily recognized,recognizable
famous,widely known and esteemed,prominent
fantastic,ludicrously odd,unusual
feasible,capable of being done with means at hand and circumstances as they are,doable
federal,of or relating to the central government of a federation,political
female,being the sex (of plant or animal) that produces fertilizable gametes (ova) from which offspring develop,reproductive
fierce,marked by extreme and violent energy,powerful
finished,(of materials or goods) brought to the desired final state,ready
finished,(of materials or goods) brought to the desired final state,prepared
finished,brought to ruin,broken
fiscal,involving financial matters,monetary
fit,meeting adequate standards for a purpose,acceptable
flat,lacking contrast or shading between tones,monochromatic
flat,lacking contrast or shading between tones,even
flexible,capable of being changed,mutable
flexible,capable of being changed,modifiable
following,going or proceeding or coming after in the same direction,later
following,going or proceeding or coming after in the same direction,posterior
foolish,devoid of good sense or judgment,senseless
foreign,of concern to or concerning the affairs of other nations (other than your own),global
formidable,extremely impressive in strength or excellence,strong
forthcoming,at ease in talking to others,sociable
forthcoming,at ease in talking to others,social
forward,at or near or directed toward the front,directional
fragile,easily broken or damaged or destroyed,brittle
fragile,easily broken or damaged or destroyed,breakable
fragrant,pleasant-smelling,aromatic
free,not limited or hampered; not under compulsion or restraint,autonomous
free,not limited or hampered; not under compulsion or restraint,independent
free,costing nothing,affordable
free,costing nothing,inexpensive
free,not occupied or in use,unoccupied
free,not occupied or in use,open
free,not occupied or in use,vacant
frequent,coming at short intervals or habitually,repeated
fresh,recently made,modern
friendly,characteristic of or befitting a friend,amiable
frightened,made afraid,afraid
front,relating to or located in the front,forward
fucking,informal intensifiers,emphatic
full,containing as much or as many as is possible or normal,abundant
full,containing as much or as many as is possible or normal,crowded
full,filled to satisfaction with food or drink,content
full,filled to satisfaction with food or drink,sated
full-time,for the entire time appropriate to an activity,regular
full-time,for the entire time appropriate to an activity,continuous
fun,activities that are enjoyable or amusing,pleasant
funny,arousing or provoking laughter,witty
furious,marked by extreme and violent energy,intense
furious,marked by extreme and violent energy,emotional
future,yet to be or coming,upcoming
future,yet to be or coming,subsequent
gastric,relating to or involving the stomach,anatomical
gastric,relating to or involving the stomach,visceral
gastric,relating to or involving the stomach,digestive
gastric,relating to or involving the stomach,abdominal
gay,bright and pleasant; promoting a feeling of cheer,bright
general,applying to all or most members of a category or group,extensive
generous,willing to give and share unstintingly,altruistic
generous,willing to give and share unstintingly,unselfish
gentle,soft and mild; not harsh or stern or severe,mild
gentle,soft and mild; not harsh or stern or severe,kind
geographical,of or relating to the science of geography,regional
geographical,of or relating to the science of geography,spatial
geographical,of or relating to the science of geography,scientific
geological,of or relating to or based on geology,physical
geological,of or relating to or based on geology,earthly
giant,of great mass; huge and bulky,massive
glad,showing or causing joy and pleasure; especially made happy,cheerful
gold,made from or covered with gold,valuable
golden,having the deep slightly brownish color of gold,brownish
golden,having the deep slightly brownish color of gold,colored
good,promoting or enhancing well-being,advantageous
good,promoting or enhancing well-being,constructive
good,of moral excellence,virtuous
gothic,characteristic of the style of type commonly used for printing German,typographic
gradual,proceeding in small stages,continuous
grammatical,of or pertaining to grammar,formal
grammatical,of or pertaining to grammar,academic
grand,of behavior that is impressive and ambitious in scale or scope,remarkable
graphic,evoking lifelike images within the mind,evocative
graphic,evoking lifelike images within the mind,imaginative
grateful,feeling or showing gratitude,positive
grave,dignified and somber in manner or character and committed to keeping promises,dignified
great,relatively large in size or number or extent; larger than others of its kind,substantial
great,relatively large in size or number or extent; larger than others of its kind,extensive
great,relatively large in size or number or extent; larger than others of its kind,considerable
great,of major significance or importance,notable
green,concerned with or supporting or in conformity with the political principles of the Green Party,ecological
green,concerned with or supporting or in conformity with the political principles of the Green Party,political
gregarious,(of animals) tending to form a group with others of the same species,collective
grey,United States writer of western adventure novels (1875-1939),literary
gross,before any deductions,overall
handicapped,injure permanently,affected
handsome,pleasing in appearance especially by reason of conformity to ideals of form and proportion,pleasing
handy,United States blues musician who transcribed and published traditional blues music (1873-1958),traditional
happy,enjoying or showing or marked by joy or pleasure,positive
happy,enjoying or showing or marked by joy or pleasure,pleased
happy,enjoying or showing or marked by joy or pleasure,pleasant
harmful,causing or capable of causing harm,deleterious
harmful,causing or capable of causing harm,adverse
harmful,causing or capable of causing harm,negative
head,the upper part of the human body or the front part of the body in animals; contains the face and brains,anatomical
head,the upper part of the human body or the front part of the body in animals; contains the face and brains,superior
head,the upper part of the human body or the front part of the body in animals; contains the face and brains,upper
helpless,lacking in or deprived of strength or power,defenseless
hidden,not accessible to view,unseen
high,greater than normal in quantity or amount,substantial
high,greater than normal in quantity or amount,ample
high,greater than normal in quantity or amount,excessive
hilarious,marked by or causing boisterous merriment or convulsive laughter,entertaining
historic,belonging to the past; of what is important or famous in the past,former
historic,belonging to the past; of what is important or famous in the past,significant
historical,of or relating to the study of history,educational
holy,belonging to or derived from or associated with a divine power,sacred
holy,belonging to or derived from or associated with a divine power,spiritual
homeless,without nationality or citizenship,foreign
homeless,without nationality or citizenship,alien
honest,not disposed to cheat or defraud; not deceptive or fraudulent; marked by truth,upright
honest,not disposed to cheat or defraud; not deceptive or fraudulent; marked by truth,ethical
honorable,not disposed to cheat or defraud; not deceptive or fraudulent; marked by truth,reliable
honourable,worthy of being honored; entitled to honor and respect,respectable
horizontal,parallel to or in the plane of the horizon or a base line,planar
horrible,provoking horror,bad
horrible,provoking horror,terrible
horrible,provoking horror,awful
horrible,provoking horror,unpleasant
hostile,characterized by enmity or ill will,aggressive
hot,used of physical heat; having a high or higher than desirable temperature or giving off heat or feeling or causing a sensation of heat or burning,warm
hot,used of physical heat; having a high or higher than desirable temperature or giving off heat or feeling or causing a sensation of heat or burning,thermal
hot,(extended meanings,intense
hot,(extended meanings,extreme
hot,(extended meanings,fiery
human,characteristic of humanity,living
human,characteristic of humanity,sentient
human,characteristic of humanity,mortal
human,characteristic of humanity,animal
humble,marked by meekness or modesty; not arrogant or prideful,unpretentious
hungry,feeling hunger; feeling a need or desire to eat food,desirous
ideal,of or relating to the philosophical doctrine of the reality of ideas,conceptual
ideal,of or relating to the philosophical doctrine of the reality of ideas,abstract
identical,(of twins) derived from a single egg or ovum,alike
ideological,of or pertaining to or characteristic of an orientation that characterizes the thinking of a group or nation,abstract
imaginative,(used of persons or artifacts) marked by independence and creativity in thought or action,innovative
immediate,having no intervening medium,proximate
immediate,having no intervening medium,instantaneous
immediate,having no intervening medium,unmediated
imminent,close in time; about to occur,prospective
immune,relating to the condition of immunity,invulnerable
important,of great significance or value,meaningful
important,of great significance or value,major
important,of great significance or value,valuable
impossible,not capable of occurring or being accomplished or dealt with,unachievable
impossible,not capable of occurring or being accomplished or dealt with,unattainable
impressive,making a strong or vivid impression,noteworthy
impressive,making a strong or vivid impression,significant
improved,made more desirable or valuable or profitable; especially made ready for use or marketing,desirable
improved,made more desirable or valuable or profitable; especially made ready for use or marketing,better
improved,made more desirable or valuable or profitable; especially made ready for use or marketing,valuable
inappropriate,not suitable for a particular occasion etc,unacceptable
inappropriate,not suitable for a particular occasion etc,improper
inclined,"(often followed by ‘to’) having a preference, disposition, or tendency",predisposed
inclined,"(often followed by ‘to’) having a preference, disposition, or tendency",partial
incongruous,lacking in harmony or compatibility or appropriateness,inappropriate
increased,made greater in size or amount or degree,expanded
increasing,becoming greater or larger,progressive
incredible,beyond belief or understanding,astonishing
incredible,beyond belief or understanding,extraordinary
indigenous,originating where it is found,regional
indigenous,originating where it is found,original
indirect,not direct in spatial dimension; not leading by a straight line or course to a destination,circuitous
indirect,not direct in spatial dimension; not leading by a straight line or course to a destination,devious
indirect,not direct in spatial dimension; not leading by a straight line or course to a destination,curved
individual,being or characteristic of a single thing or person,separate
individual,being or characteristic of a single thing or person,unique
industrial,of or relating to or resulting from industry,manufacturing
industrial,of or relating to or resulting from industry,productive
infinite,having no limits or boundaries in time or space or extent or magnitude,unbounded
inherent,existing as an essential constituent or characteristic,fundamental
initial,occurring at the beginning,primary
innocent,free from evil or guilt,moral
instant,occurring with no delay,immediate
instant,occurring with no delay,rapid
instrumental,relating to or designed for or performed on musical instruments,artistic
insufficient,of a quantity not able to fulfill a need or requirement,lacking
intact,constituting the undiminished entirety; lacking nothing essential especially not damaged,unbroken
integral,of or denoted by an integer,numeric
intelligent,having the capacity for thought and reason especially to a high degree,wise
intelligent,having the capacity for thought and reason especially to a high degree,cognitive
intelligent,having the capacity for thought and reason especially to a high degree,clever
intense,possessing or displaying a distinctive feature to a heightened degree,extreme
intense,possessing or displaying a distinctive feature to a heightened degree,severe
intensive,tending to give force or emphasis,powerful
interactive,used especially of drugs or muscles that work together so the total effect is greater than the sum of the two (or more),combined
interesting,arousing or holding the attention,absorbing
interesting,arousing or holding the attention,stimulating
interim,serving during an intermediate interval of time,transitional
international,concerning or belonging to all or at least two or more nations,worldwide
international,concerning or belonging to all or at least two or more nations,multinational
international,concerning or belonging to all or at least two or more nations,universal
intimate,"marked by close acquaintance, association, or familiarity",personal
intimate,"marked by close acquaintance, association, or familiarity",acquainted
invaluable,"having incalculable monetary, intellectual, or spiritual worth",precious
invisible,impossible or nearly impossible to see; imperceptible by the eye,obscure
involved,connected by participation or association or use,engaged
irrespective,in spite of everything; without regard to drawbacks,unconcerned
irrespective,in spite of everything; without regard to drawbacks,indifferent
isolated,not close together in time,remote
isolated,not close together in time,spaced
isolated,not close together in time,distant
jealous,showing extreme cupidity; painfully desirous of another's advantages,resentful
joint,united or combined,integrated
junior,younger; lower in rank; shorter in length of tenure or service,subordinate
just,used especially of what is legally or ethically right or proper or fitting,rightful
just,used especially of what is legally or ethically right or proper or fitting,moral
just,used especially of what is legally or ethically right or proper or fitting,ethical
justified,having words so spaced that lines have straight even margins,even
keen,having or demonstrating ability to recognize or draw fine distinctions,observant
key,United States lawyer and poet who wrote a poem after witnessing the British attack on Baltimore during the War of 1812; the poem was later set to music and entitled ‘The Star-Spangled Banner’ (1779-1843),patriotic
kind,having or showing a tender and considerate and helpful nature; used especially of persons and their behavior,humane
known,apprehended with certainty,clear
known,apprehended with certainty,definite
lacking,inadequate in amount or degree,limited
large,above average in size or number or quantity or magnitude or extent,ample
large-scale,unusually large in scope,significant
large-scale,unusually large in scope,vast
large-scale,unusually large in scope,substantial
last,coming after all others in time or space or degree or being the only one remaining,remaining
last,coming after all others in time or space or degree or being the only one remaining,ultimate
late,being or occurring at an advanced period of time or after a usual or expected time,temporal
late,being or occurring at an advanced period of time or after a usual or expected time,subsequent
latest,up to the immediate present; most recent or most up-to-date,modern
latin,of or relating to the ancient Latins or the Latin language,historical
latin,of or relating to the ancient Latins or the Latin language,european
latin,of or relating to the ancient Latins or the Latin language,cultural
lay,characteristic of those who are not members of the clergy,civil
lay,characteristic of those who are not members of the clergy,worldly
lazy,moving slowly and gently,inactive
lazy,moving slowly and gently,sluggish
leading,going or proceeding or going in advance; showing the way,foremost
left,being or located on or directed toward the side of the body to the west when facing north,relative
legal,established by or founded upon law or official or accepted rules,valid
legal,established by or founded upon law or official or accepted rules,lawful
legitimate,of marriages and offspring; recognized as lawful,authorized
legitimate,of marriages and offspring; recognized as lawful,legal
level,"having a surface without slope, tilt in which no part is higher or lower than another",smooth
lexical,of or relating to words,communicative
light,of comparatively little physical weight or density,weightless
light,(used of color) having a relatively small amount of coloring agent,soft
light,characterized by or emitting light,luminous
likely,has a good chance of being the case or of coming about,expected
likely,has a good chance of being the case or of coming about,probable
limited,small in range or scope,finite
linear,designating or involving an equation whose terms are of the first degree,analytic
linear,designating or involving an equation whose terms are of the first degree,polynomial
linear,designating or involving an equation whose terms are of the first degree,mathematical
linguistic,consisting of or related to language,cultural
liquid,existing as or having characteristics of a liquid; especially tending to flow,wet
liquid,existing as or having characteristics of a liquid; especially tending to flow,mobile
literary,of or relating to or characteristic of literature,creative
little,limited or below average in number or quantity or magnitude or extent,minor
little,limited or below average in number or quantity or magnitude or extent,limited
little,limited or below average in number or quantity or magnitude or extent,insufficient
live,actually being performed at the time of hearing or viewing,ongoing
live,actually being performed at the time of hearing or viewing,real-time
lively,full of life and energy,vibrant
lively,full of life and energy,dynamic
living,pertaining to living persons,biological
living,pertaining to living persons,animate
local,relating to or applicable to or concerned with the administration of a city or town or district rather than a larger area,civic
local,relating to or applicable to or concerned with the administration of a city or town or district rather than a larger area,administrative
long,primarily temporal sense; being or indicating a relatively great or greater than average duration or passage of time or a duration as specified,durable
long,primarily spatial sense; of relatively great or greater than average spatial extension or extension as specified,great
long-term,relating to or extending over a relatively long time,lasting
long-term,relating to or extending over a relatively long time,enduring
loose,not compact or dense in structure or arrangement,spacious
loose,not compact or dense in structure or arrangement,diffuse
lost,no longer in your possession or control; unable to be found or recovered,gone
loud,characterized by or producing sound of great volume or intensity,sonorous
loud,characterized by or producing sound of great volume or intensity,noisy
low,less than normal in degree or intensity or amount,reduced
loyal,steadfast in allegiance or duty,steadfast
loyal,steadfast in allegiance or duty,committed
lucky,having or bringing good fortune,blessed
lucky,having or bringing good fortune,auspicious
luxury,something that is an indulgence rather than a necessity,indulgent
luxury,something that is an indulgence rather than a necessity,expensive
luxury,something that is an indulgence rather than a necessity,premium
luxury,something that is an indulgence rather than a necessity,opulent
mad,roused to anger,annoyed
mad,roused to anger,irritated
magical,possessing or using or characteristic of or appropriate to supernatural powers,extraordinary
magnetic,of or relating to or caused by magnetism,natural
magnetic,of or relating to or caused by magnetism,electromagnetic
magnificent,characterized by grandeur,remarkable
major,of greater importance or stature or rank,notable
male,being the sex (of plant or animal) that produces gametes (spermatozoa) that perform the fertilizing function in generation,reproductive
male,being the sex (of plant or animal) that produces gametes (spermatozoa) that perform the fertilizing function in generation,sexual
mandatory,required by rule,essential
mandatory,required by rule,obligatory
manual,of or relating to the hands,bodily
manual,of or relating to the hands,tactile
marginal,at or constituting a border or edge,boundary
marginal,at or constituting a border or edge,outer
marginal,at or constituting a border or edge,external
marginal,at or constituting a border or edge,bordering
marked,having or as if having an identifying mark or a mark as specified; often used in combination,identifiable
marked,having or as if having an identifying mark or a mark as specified; often used in combination,identified
marked,having or as if having an identifying mark or a mark as specified; often used in combination,characteristic
marked,having or as if having an identifying mark or a mark as specified; often used in combination,notable
marked,having or as if having an identifying mark or a mark as specified; often used in combination,noticeable
married,joined in matrimony,committed
married,joined in matrimony,joined
married,joined in matrimony,attached
married,joined in matrimony,connected
mass,(Roman Catholic Church and Protestant Churches) the celebration of the Eucharist,sacred
mathematical,of or pertaining to or of the nature of mathematics,theoretical
mathematical,of or pertaining to or of the nature of mathematics,abstract
mathematical,of or pertaining to or of the nature of mathematics,logical
mature,having reached full natural growth or development,full
mature,having reached full natural growth or development,complete
maximum,the greatest or most complete or best possible,superlative
maximum,the greatest or most complete or best possible,ultimate
maximum,the greatest or most complete or best possible,highest
meaningful,having a meaning or purpose,valuable
mechanical,using (or as if using) mechanisms or tools or devices,technological
medical,relating to the study or practice of medicine,professional
medieval,relating to or belonging to the Middle Ages,old
metropolitan,relating to or characteristic of a metropolis,civic
mid,used in combination to denote the middle,average
mid,used in combination to denote the middle,median
middle,of a stage in the development of a language or literature between earlier and later stages,developmental
middle-class,occupying a socioeconomic position intermediate between those of the lower classes and the wealthy,socioeconomic
mild,moderate in type or degree or effect or force; far from extreme,temperate
military,of or relating to the study of the principles of warfare,strategic
minimal,the least possible,little
minimal,the least possible,limited
minimum,the least possible,low
ministerial,of or relating to a minister of religion or the minister's office,clerical
ministerial,of or relating to a minister of religion or the minister's office,spiritual
ministerial,of or relating to a minister of religion or the minister's office,sacred
minor,of lesser importance or stature or rank,lesser
misleading,designed to deceive or mislead either deliberately or inadvertently,false
missing,not able to be found,unavailable
missing,not able to be found,gone
mixed,consisting of a haphazard assortment of different kinds,varied
mobile,moving or capable of moving readily (especially from place to place),portable
mobile,moving or capable of moving readily (especially from place to place),kinetic
mobile,moving or capable of moving readily (especially from place to place),dynamic
mobile,moving or capable of moving readily (especially from place to place),locomotive
modern,belonging to the modern era; since the Middle Ages,historical
modest,marked by simplicity; having a humble opinion of yourself,unassuming
monetary,relating to or involving money,commercial
monstrous,hockingly brutal or cruel,terrible
monstrous,distorted and unnatural in shape or size; abnormal and hideous,abnormal
monstrous,distorted and unnatural in shape or size; abnormal and hideous,hideous
monstrous,distorted and unnatural in shape or size; abnormal and hideous,unnatural
moral,concerned with principles of right and wrong or conforming to standards of behavior and character based on those principles,good
moral,concerned with principles of right and wrong or conforming to standards of behavior and character based on those principles,virtuous
moving,in motion,mobile
multiple,having or involving or consisting of more than one part or entity or individual,many
multiple,having or involving or consisting of more than one part or entity or individual,various
municipal,relating or belonging to or characteristic of a municipality,governmental
musical,characterized by or capable of producing music,artistic
musical,characterized by or capable of producing music,creative
musical,characterized by or capable of producing music,expressive
musical,characterized by or capable of producing music,sonorous
musical,characterized by or capable of producing music,aesthetic
mutual,concerning each of two or more persons or things; especially given or done in return,bilateral
mutual,concerning each of two or more persons or things; especially given or done in return,collective
mysterious,of an obscure nature,ambiguous
mysterious,of an obscure nature,confusing
mysterious,of an obscure nature,unknown
mysterious,of an obscure nature,unclear
naked,having no clothes on the body,undressed
narrow,not wide,small
narrow,not wide,constrained
narrow,lacking tolerance or flexibility or breadth of view,limited
narrow,lacking tolerance or flexibility or breadth of view,uncompromising
narrow,lacking tolerance or flexibility or breadth of view,intolerant
narrow,lacking tolerance or flexibility or breadth of view,inflexible
nasty,offensive or even (of persons) malicious,offensive
national,of or relating to or belonging to a nation or country,civic
national,of or relating to or belonging to a nation or country,regional
national,of or relating to or belonging to a nation or country,political
national,of or relating to or belonging to a nation or country,domestic
natural,in accordance with nature; relating to or concerning nature,inherent
neat,clean or organized,tidy
necessary,absolutely essential,critical
nervous,of or relating to the nervous system,physical
neutral,possessing no distinctive quality or characteristics,plain
neutral,possessing no distinctive quality or characteristics,impartial
new,not of long duration; having just (or relatively recently) come into being or been made or acquired or discovered,current
new,(often followed by ‘to’) unfamiliar,recent
nice,pleasant or pleasing or agreeable in nature or appearance,positive
noble,of or belonging to or constituting the hereditary aristocracy especially as derived from feudal times,distinguished
noble,of or belonging to or constituting the hereditary aristocracy especially as derived from feudal times,elite
noisy,full of or characterized by loud and nonmusical sounds,sonorous
noisy,full of or characterized by loud and nonmusical sounds,audible
noisy,full of or characterized by loud and nonmusical sounds,boisterous
nominal,relating to or constituting or bearing or giving a name,descriptive
normal,conforming with or constituting a norm or standard or level or type or social norm; not abnormal,conventional
northern,in or characteristic of a region of the United States north of (approximately) the Mason-Dixon line,geographic
noticeable,capable or worthy of being noticed,perceptible
noticeable,capable or worthy of being noticed,observable
noticeable,capable or worthy of being noticed,discernible
novel,original and of a kind not seen before,unique
novel,original and of a kind not seen before,distinct
novel,original and of a kind not seen before,original
nuclear,(weapons) deriving destructive energy from the release of atomic energy,powerful
nuclear,(weapons) deriving destructive energy from the release of atomic energy,explosive
numerous,amounting to a large indefinite number,multiple
objective,undistorted by emotion or personal bias; based on observable phenomena,factual
objective,undistorted by emotion or personal bias; based on observable phenomena,rational
occasional,occurring from time to time,intermittent
occasional,occurring from time to time,sporadic
occasional,occurring from time to time,irregular
occupational,of or relating to the activity or business for which you are trained,vocational
odd,not divisible by two,mathematical
odd,not divisible by two,numerical
offensive,for the purpose of attack rather than defense,belligerent
official,having official authority or sanction,formal
okay,being satisfactory or in satisfactory condition,decent
old,(used especially of persons) having lived for a relatively long time or attained a specific age,senior
only,being the only one; single and isolated from others,singular
only,being the only one; single and isolated from others,isolated
only,being the only one; single and isolated from others,single
open,open and observable; not secret or hidden,apparent
open,open and observable; not secret or hidden,public
operational,pertaining to a process or series of actions for achieving a result,effective
optical,of or relating to or involving light or optics,sensory
optimistic,expecting the best in this best of all possible worlds,cheerful
optional,possible but not necessary; left to personal choice,permissible
optional,possible but not necessary; left to personal choice,elective
oral,of or relating to or affecting or for use in the mouth,physical
oral,of or relating to or affecting or for use in the mouth,anatomical
orange,a river in South Africa that flows generally westward to the Atlantic Ocean,fluvial
organic,relating or belonging to the class of chemical compounds having a carbon basis,molecular
organisational,of or relating to an organization,administrative
organisational,of or relating to an organization,institutional
organisational,of or relating to an organization,systemic
organizational,of or relating to an organization,functional
organizational,of or relating to an organization,collective
organizational,of or relating to an organization,social
organizational,of or relating to an organization,systemic
original,being or productive of something fresh and unusual; or being as first made or thought of,novel
original,being or productive of something fresh and unusual; or being as first made or thought of,new
orthodox,of or pertaining to or characteristic of Judaism,traditional
other,"not the same one or ones already mentioned or implied; quantifier, other",alternate
outside,relating to or being on or near the outer side or limit,outer
outstanding,distinguished from others in excellence,remarkable
overall,involving only main features,comprehensive
paid,marked by the reception of pay,earning
paid,marked by the reception of pay,financial
painful,causing physical or psychological pain,negative
papal,proceeding from or ordered by or subject to a pope or the papacy regarded as the successor of the Apostles,clerical
parallel,being everywhere equidistant and not intersecting,linear
parallel,being everywhere equidistant and not intersecting,geometric
parental,designating the generation of organisms from which hybrid offspring are produced,hereditary
parental,designating the generation of organisms from which hybrid offspring are produced,reproductive
parental,designating the generation of organisms from which hybrid offspring are produced,biological
parental,designating the generation of organisms from which hybrid offspring are produced,genetic
parliamentary,relating to or having the nature of a parliament,civic
part-time,involving less than the standard or customary time for an activity,occasional
partial,constituting or comprising a part or fraction of a possible whole or entirety,fragmentary
partial,constituting or comprising a part or fraction of a possible whole or entirety,limited
particular,unique or specific to a person or thing or category,exclusive
passive,lacking in energy or will,indolent
patient,enduring trying circumstances with even temper or characterized by such endurance,enduring
patient,enduring trying circumstances with even temper or characterized by such endurance,forbearing
payable,subject to or requiring payment especially as specified,required
peculiar,beyond or deviating from the usual or expected,strange
peculiar,beyond or deviating from the usual or expected,atypical
perceived,detected by instinct or inference rather than by recognized perceptual cues,detected
perceived,detected by instinct or inference rather than by recognized perceptual cues,intuitive
perfect,being complete of its kind and without defect or blemish,flawless
petty,inferior in rank or status,low
petty,inferior in rank or status,inferior
photographic,relating to photography or obtained by using photography,pictorial
physical,involving the body as distinguished from the mind or spirit,tangible
pink,of a light shade of red,pale
pink,of a light shade of red,light
plain,not elaborate or elaborated; simple,unadorned
planned,designed or carried out according to a plan,intentional
pleasant,affording pleasure; being in harmony with your taste or likings,satisfying
pleased,experiencing or manifesting pleasure,satisfied
pleased,experiencing or manifesting pleasure,happy
pleased,experiencing or manifesting pleasure,glad
polish,of or relating to Poland or its people or culture,national
polish,of or relating to Poland or its people or culture,cultural
poor,having little money or few possessions,impoverished
poor,having little money or few possessions,destitute
popular,"regarded with great favor, approval, or affection especially by the general public",accepted
popular,"regarded with great favor, approval, or affection especially by the general public",esteemed
portable,easily or conveniently transported,mobile
portable,easily or conveniently transported,convenient
positive,characterized by or displaying affirmation or acceptance or certainty etc.,optimistic
possible,capable of happening or existing,plausible
possible,capable of happening or existing,feasible
potential,existing in possibility,conceivable
powerful,having great power or force or potency or effect,forceful
precious,characterized by feeling or showing fond affection for,loving
predictable,capable of being foretold,certain
preferred,like better; value more highly,desired
pregnant,carrying developing offspring within the body or being about to produce new life,generative
pregnant,carrying developing offspring within the body or being about to produce new life,reproductive
preliminary,denoting an action or event preceding or in preparation for something more important,early
preliminary,denoting an action or event preceding or in preparation for something more important,preceding
preliminary,denoting an action or event preceding or in preparation for something more important,preparatory
present,temporal sense; intermediate between past and future; now existing or happening or in consideration,temporal
present,being or existing in a specified place,situated
presidential,relating to a president or presidency,official
presidential,relating to a president or presidency,political
primary,of first rank or importance or value; direct and immediate rather than secondary,important
prime,of or relating to or being an integer that cannot be factored into other integers,integer
primitive,belonging to an early stage of technical development; characterized by simplicity and (often) crudeness,basic
primitive,belonging to an early stage of technical development; characterized by simplicity and (often) crudeness,elementary
principal,most important element,significant
prior,earlier in time,earlier
private,confined to particular persons or groups or providing privacy,confidential
privileged,blessed with privileges,fortunate
privileged,blessed with privileges,blessed
probable,likely but not certain to be or become true or real,potential
professional,engaged in a profession or engaging in as a profession or means of livelihood,competent
professional,engaged in a profession or engaging in as a profession or means of livelihood,qualified
professional,engaged in a profession or engaging in as a profession or means of livelihood,skilled
profitable,yielding material gain or profit,valuable
profound,showing intellectual penetration or emotional depth,meaningful
progressive,favoring or promoting progress,modern
progressive,favoring or promoting progress,forward-looking
prominent,having a quality that thrusts itself into attention,remarkable
prominent,having a quality that thrusts itself into attention,notable
proper,marked by suitability or rightness or appropriateness,fitting
protective,intended or adapted to afford protection of some kind,preventive
protective,intended or adapted to afford protection of some kind,secure
protective,intended or adapted to afford protection of some kind,safeguarding
proud,feeling self-respect or pleasure in something by which you measure your self-worth; or being a reason for pride,happy
provincial,of or associated with a province,territorial
provisional,under terms not final or fully worked out or agreed upon,conditional
psychiatric,relating to or used in or engaged in the practice of psychiatry,therapeutic
psychological,of or relating to or determined by psychology,cognitive
public,not private; open to or concerning the people as a whole,accessible
pure,free of extraneous elements of any kind,clean
pure,(used of persons or behaviors) having no faults; sinless,righteous
pure,(used of persons or behaviors) having no faults; sinless,good
purple,of a color intermediate between red and blue,colored
purple,of a color intermediate between red and blue,chromatic
qualified,meeting the proper standards and requirements and training for an office or position or task,adequate
quantitative,expressible as a quantity or relating to or susceptible of measurement,objective
quantitative,expressible as a quantity or relating to or susceptible of measurement,numerical
quick,accomplished rapidly and without delay,expeditious
quick,accomplished rapidly and without delay,swift
quick,accomplished rapidly and without delay,rapid
racial,of or related to genetically distinguished groups of people,social
racial,of or related to genetically distinguished groups of people,cultural
racial,of or related to genetically distinguished groups of people,human
raised,located or moved above the surround or above the normal position,high
raised,located or moved above the surround or above the normal position,higher
raised,located or moved above the surround or above the normal position,superior
random,lacking any definite plan or order or purpose; governed by or depending on chance,chaotic
rapid,done or occurring in a brief period of time,prompt
rapid,done or occurring in a brief period of time,expeditious
rapid,done or occurring in a brief period of time,quick
rapid,done or occurring in a brief period of time,fast
rare,not widely known; especially valued for its uncommonness,exceptional
rare,not widely known; especially valued for its uncommonness,scarce
raw,not treated with heat to prepare it for eating,fresh
raw,not treated with heat to prepare it for eating,unprocessed
raw,not treated with heat to prepare it for eating,uncooked
ready,completely prepared or in condition for immediate action or use or progress,capable
real,being or occurring in fact or actuality; having verified existence; not illusory,authentic
real,being or reflecting the essential or genuine character of something,valid
real,being or reflecting the essential or genuine character of something,authentic
realistic,aware or expressing awareness of things as they really are,perceptive
realistic,aware or expressing awareness of things as they really are,aware
rear,located in or toward the back or rear,aft
reasonable,showing reason or sound judgment,sound
reasonable,showing reason or sound judgment,logical
recent,"approximately the last 10,000 years",new
reckless,marked by defiant disregard for danger or consequences,irresponsible
reckless,marked by defiant disregard for danger or consequences,imprudent
red,a tributary of the Mississippi River that flows eastward from Texas along the southern boundary of Oklahoma and through Louisiana,fluvial
reduced,made less in size or amount or degree,diminished
related,connected by kinship,associated
related,connected by kinship,familial
relevant,having a bearing on or connection with the subject at issue,related
relevant,having a bearing on or connection with the subject at issue,connected
religious,having or showing belief in and reverence for a deity,pious
reluctant,unwillingness to do something contrary to your custom,disinclined
reluctant,unwillingness to do something contrary to your custom,averse
renewed,restored to a new condition,refreshed
required,necessary for relief or supply,vital
residential,used or designed for residence or limited to residences,domestic
residential,used or designed for residence or limited to residences,private
residential,used or designed for residence or limited to residences,habitational
respectable,characterized by socially or conventionally acceptable morals,upright
respectable,characterized by socially or conventionally acceptable morals,ethical
responsible,worthy of or requiring responsibility or trust; or held accountable,reliable
restless,lacking or not affording physical or mental rest,agitated
restless,lacking or not affording physical or mental rest,disturbed
restricted,subject to restriction or subjected to restriction,constrained
restricted,subject to restriction or subjected to restriction,controlled
restricted,subject to restriction or subjected to restriction,regulated
restrictive,serving to restrict,controlling
retail,the selling of goods to consumers; usually in small quantities and not for resale,transactional
retail,the selling of goods to consumers; usually in small quantities and not for resale,mercantile
revised,improved or brought up to date,improved
revised,improved or brought up to date,enhanced
revolutionary,of or relating to or characteristic or causing an axial or orbital turn,axial
revolutionary,of or relating to or characteristic or causing an axial or orbital turn,orbital
right,being or located on or directed toward the side of the body to the east when facing north,spatial
rigid,designating an airship or dirigible having a form maintained by a stiff unyielding frame or structure,structural
rigid,designating an airship or dirigible having a form maintained by a stiff unyielding frame or structure,solid
rigid,designating an airship or dirigible having a form maintained by a stiff unyielding frame or structure,firm
rising,advancing or becoming higher or greater in degree or value or status,progressive
rising,advancing or becoming higher or greater in degree or value or status,developing
rival,as a rival in a competition,antagonistic
romantic,belonging to or characteristic of Romanticism or the Romantic Movement in the arts,expressive
romantic,belonging to or characteristic of Romanticism or the Romantic Movement in the arts,aesthetic
rotten,very bad,awful
rotten,damaged by decay; hence unsound and useless,damaged
rotten,damaged by decay; hence unsound and useless,degraded
round,having the shape or form of a circle,shaped
round,having the shape or form of a circle,geometric
royal,of or relating to or indicative of or issued or performed by a king or queen or other monarch,official
royal,of or relating to or indicative of or issued or performed by a king or queen or other monarch,governmental
royal,of or relating to or indicative of or issued or performed by a king or queen or other monarch,monarchical
rubber,returned for lack of funds,unpaid
ruling,exercising power or authority,powerful
rural,of or relating to the countryside as opposed to the city,regional
seasonal,occurring at or dependent on a particular season,recurring
secondary,being of second rank or importance or value; not direct or immediate,indirect
secondary,being of second rank or importance or value; not direct or immediate,inferior
secure,free from fear or doubt; easy in mind,assured
select,of superior grade,good
select,of superior grade,fine
selective,tending to select; characterized by careful choice,discriminating
selective,tending to select; characterized by careful choice,careful
semantic,of or relating to meaning or the study of meaning,conceptual
senior,older; higher in rank; longer in length of tenure or service,advanced
senior,older; higher in rank; longer in length of tenure or service,superior
sensible,showing reason or sound judgment,logical
sensible,showing reason or sound judgment,sound
sensitive,responsive to physical stimuli,perceptive
separate,independent; not united or joint,independent
shallow,lacking physical depth; having little spatial extension downward or inward from an outer surface or backward or outward from a center,superficial
shallow,lacking physical depth; having little spatial extension downward or inward from an outer surface or backward or outward from a center,flat
shallow,acking depth of intellect or knowledge; concerned only with what is obvious,elementary
shallow,acking depth of intellect or knowledge; concerned only with what is obvious,superficial
shallow,acking depth of intellect or knowledge; concerned only with what is obvious,basic
shared,have in common; held or experienced in common,collective
shared,have in common; held or experienced in common,mutual
sharp,keenly and painfully felt; as if caused by a sharp edge or point,intense
sheer,complete and without restriction or qualification; sometimes used informally as intensifiers,complete
shocked,"struck with fear, dread, or consternation",frightened
short,primarily temporal sense; indicating or being or seeming to be limited in duration,transient
short,primarily temporal sense; indicating or being or seeming to be limited in duration,finite
short,primarily temporal sense; indicating or being or seeming to be limited in duration,temporary
short,(primarily spatial sense) having little length or lacking in length,brief
short,(primarily spatial sense) having little length or lacking in length,compact
short-term,relating to or extending over a limited period,finite
short-term,relating to or extending over a limited period,transient
sick,affected by an impairment of normal physical or mental function,infirm
sick,affected by an impairment of normal physical or mental function,unhealthy
sick,affected by an impairment of normal physical or mental function,impaired
silent,marked by absence of sound,peaceful
silent,marked by absence of sound,noiseless
silver,made from or largely consisting of silver,lustrous
similar,marked by correspondence or resemblance,akin
similar,marked by correspondence or resemblance,related
similar,marked by correspondence or resemblance,corresponding
similar,marked by correspondence or resemblance,analogous
single,being or characteristic of a single thing or person,unique
single,not married or related to the unmarried state,independent
single,not married or related to the unmarried state,free
slight,(quantifier used with mass nouns) small in quantity or degree; not much or almost none or (with ‘a’) at least some,minor
slim,being of delicate or slender build,narrow
slippery,causing or tending to cause things to slip or slide,treacherous
slippery,causing or tending to cause things to slip or slide,smooth
slow,not moving quickly; taking a comparatively long time,leisurely
small,limited or below average in number or quantity or magnitude or extent,insufficient
social,relating to human society and its members,collective
social,relating to human society and its members,human
social,relating to human society and its members,public
sociological,of or relating to or determined by sociology,academic
solar,relating to or derived from the sun or utilizing the energies of the sun,astral
solar,relating to or derived from the sun or utilizing the energies of the sun,cosmic
solar,relating to or derived from the sun or utilizing the energies of the sun,stellar
solar,relating to or derived from the sun or utilizing the energies of the sun,radiant
solar,relating to or derived from the sun or utilizing the energies of the sun,natural
sole,not divided or shared with others,single
sole,not divided or shared with others,unique
solid,of definite shape and volume; firm; neither liquid nor gaseous,physical
solid,of definite shape and volume; firm; neither liquid nor gaseous,material
sorry,feeling or expressing regret or sorrow or a sense of loss over something done or undone,unhappy
sound,financially secure and safe,safe
sour,having a sharp biting taste,pungent
sour,having a sharp biting taste,bitter
sour,having a sharp biting taste,sharp
southern,in or characteristic of a region of the United States south of (approximately) the Mason-Dixon line,geographic
spare,thin and fit,thin
spare,thin and fit,fit
special,unique or specific to a person or thing or category,specific
special,unique or specific to a person or thing or category,exclusive
special,unique or specific to a person or thing or category,individual
specified,clearly and explicitly stated,definite
specified,clearly and explicitly stated,defined
specified,clearly and explicitly stated,stated
specified,clearly and explicitly stated,clear
splendid,having great beauty and splendor,grand
spoken,uttered through the medium of speech or characterized by speech; sometimes used in combination,communicative
spoken,uttered through the medium of speech or characterized by speech; sometimes used in combination,vocal
spontaneous,happening or arising without apparent external cause,automatic
spontaneous,happening or arising without apparent external cause,unplanned
square,having four equal sides and four right angles or forming a right angle,rectangular
square,having four equal sides and four right angles or forming a right angle,regular
stable,resistant to change of position or condition,secure
stable,resistant to change of position or condition,constant
standard,conforming to or constituting a standard of measurement or value; or of the usual or regularized or accepted kind,conventional
static,concerned with or producing or caused by static electricity,electric
statistical,of or relating to statistics,numerical
statutory,relating to or created by statutes,regulatory
steady,not subject to change or variation especially in behavior,reliable
sterling,highest in quality,outstanding
still,used of pictures; of a single or static photograph not presented so as to create the illusion of motion; or representing objects not capable of motion,immobile
still,used of pictures; of a single or static photograph not presented so as to create the illusion of motion; or representing objects not capable of motion,fixed
stolen,take without the owner's consent,illicit
stolen,take without the owner's consent,unlawful
straight,characterized by honesty and fairness,ethical
straight,characterized by honesty and fairness,honest
straight,characterized by honesty and fairness,upright
straight,having no deviations,uniform
straight,having no deviations,regular
strategic,relating to or concerned with strategy,calculated
strategic,relating to or concerned with strategy,tactical
strict,"characterized by strictness, severity, or restraint",demanding
strict,"characterized by strictness, severity, or restraint",disciplined
striking,sensational in appearance or thrilling in effect,noticeable
strong,being distilled rather than fermented; having a high alcoholic content,alcoholic
strong,strong and sure,powerful
strong,strong and sure,robust
strong,having strength or power greater than average or expected,vigorous
strong,having strength or power greater than average or expected,mighty
strong,immune to attack; incapable of being tampered with,invulnerable
strong,immune to attack; incapable of being tampered with,resistant
structural,"relating to or caused by structure, especially political or economic structure",systemic
structural,"relating to or caused by structure, especially political or economic structure",organizational
stubborn,tenaciously unwilling or marked by tenacious unwillingness to yield,determined
stunning,make senseless or dizzy by or as if by a blow,dizzying
stunning,make senseless or dizzy by or as if by a blow,disorienting
subject,possibly accepting or permitting,tolerant
subjective,taking place within the mind and modified by individual bias,individual
subjective,taking place within the mind and modified by individual bias,cognitive
subsequent,following in time or order,following
substantial,having substance or capable of being treated as fact; not imaginary,actual
substantial,having substance or capable of being treated as fact; not imaginary,valid
subtle,difficult to detect or grasp by the mind or analyze,delicate
subtle,difficult to detect or grasp by the mind or analyze,indistinct
successful,having succeeded or being marked by a favorable outcome,productive
successful,having succeeded or being marked by a favorable outcome,effective
sufficient,of a quantity that can fulfill a need or requirement but without being abundant,satisfactory
super,of the highest quality,great
super,of the highest quality,prime
superb,of surpassing excellence,fine
superb,of surpassing excellence,superior
superior,of high or superior quality or performance,high-quality
supplementary,functioning in a supporting capacity,supporting
supplementary,functioning in a supporting capacity,additional
supplementary,functioning in a supporting capacity,secondary
supporting,furnishing support and encouragement,constructive
supporting,furnishing support and encouragement,beneficial
supreme,final or last in your life or progress,terminal
sure,having or feeling no doubt or uncertainty; confident and assured,positive
surplus,"more than is needed, desired, or required",excessive
surprised,taken unawares or suddenly and feeling wonder or astonishment,astonished
surprised,taken unawares or suddenly and feeling wonder or astonishment,emotional
surrounding,closely encircling,enclosing
suspicious,openly distrustful and unwilling to confide,skeptical
symbolic,relating to or using or proceeding by means of symbols,conceptual
sympathetic,of or relating to the sympathetic nervous system,nervous
sympathetic,of or relating to the sympathetic nervous system,autonomic
syntactic,of or relating to or conforming to the rules of syntax,formal
syntactic,of or relating to or conforming to the rules of syntax,structural
systematic,characterized by order and planning,methodical
talented,endowed with talent or talents,capable
talented,endowed with talent or talents,proficient
tall,great in vertical dimension; high in stature,high
tall,great in vertical dimension; high in stature,vertical
tall,great in vertical dimension; high in stature,big
tasty,pleasing to the sense of taste,palatable
tasty,pleasing to the sense of taste,delicious
tasty,pleasing to the sense of taste,appetizing
technical,of or relating to technique or proficiency in a practical skill,specialized
technical,of or relating to technique or proficiency in a practical skill,skilled
technological,of or relating to a practical subject that is organized according to scientific principles,applied
temporary,not permanent; not lasting,provisional
temporary,not permanent; not lasting,transient
tense,taut or rigid; stretched tight,rigid
terminal,of or relating to or situated at the ends of a delivery route,ultimate
territorial,of or relating to a territory,political
territorial,of or relating to a territory,local
territorial,of or relating to a territory,spatial
theoretical,concerned primarily with theories or hypotheses rather than practical considerations,hypothetical
thick,not thin; of a specific thickness or of relatively great extent from one surface to the opposite usually in the smallest of the three solid dimensions,broad
thick,not thin; of a specific thickness or of relatively great extent from one surface to the opposite usually in the smallest of the three solid dimensions,substantial
thick,relatively dense in consistency,substantial
thick,relatively dense in consistency,viscous
thick,relatively dense in consistency,heavy
thorough,painstakingly careful and accurate,precise
thorough,painstakingly careful and accurate,meticulous
thoughtful,exhibiting or characterized by careful thought,considerate
thoughtful,exhibiting or characterized by careful thought,cautious
thoughtful,exhibiting or characterized by careful thought,mindful
thoughtful,exhibiting or characterized by careful thought,reflective
thoughtful,exhibiting or characterized by careful thought,careful
tight,closely constrained or constricted or constricting,constrained
tight,closely constrained or constricted or constricting,restricted
tight,closely constrained or constricted or constricting,restrictive
tired,depleted of strength or energy,spent
tolerant,showing respect for the rights or opinions or practices of others,understanding
tolerant,showing respect for the rights or opinions or practices of others,respectful
top,situated at the top or highest position,high
top,situated at the top or highest position,elevated
total,constituting the full quantity or extent; complete,absolute
tough,not given to gentleness or sentimentality,firm
tough,unfortunate or hard to bear,harsh
toxic,of or relating to or caused by a toxin or poison,deleterious
trading,buying or selling securities or commodities,investment
tragic,of or relating to or characteristic of tragedy,sad
trained,shaped or conditioned or disciplined by training; often used as a combining form,conditioned
trained,shaped or conditioned or disciplined by training; often used as a combining form,experienced
tremendous,extraordinarily large in size or extent or amount or power or degree,great
tropical,"of or relating to the tropics, or either tropic",climatic
true,consistent with fact or reality; not false,factual
typical,exhibiting the qualities or characteristics that identify a group or kind or category,general
typical,exhibiting the qualities or characteristics that identify a group or kind or category,generic
typical,exhibiting the qualities or characteristics that identify a group or kind or category,representative
ugly,displeasing to the senses,unattractive
ultimate,furthest or highest in degree or order; utmost or extreme,final
ultimate,furthest or highest in degree or order; utmost or extreme,supreme
ultimate,furthest or highest in degree or order; utmost or extreme,highest
unable,(usually followed by ‘to’) not having the necessary means or skill or know-how,incompetent
unable,(usually followed by ‘to’) not having the necessary means or skill or know-how,deficient
unable,(usually followed by ‘to’) not having the necessary means or skill or know-how,inept
unacceptable,not acceptable; not welcome,bad
unacceptable,not acceptable; not welcome,unpleasant
unacceptable,not acceptable; not welcome,negative
unanimous,in complete agreement,harmonious
unanimous,in complete agreement,collective
unaware,(often followed by ‘of’) not aware,oblivious
uncertain,lacking or indicating lack of confidence or assurance,vague
uncertain,lacking or indicating lack of confidence or assurance,ambiguous
uncertain,lacking or indicating lack of confidence or assurance,insecure
unclear,poorly stated or described,confused
unclear,poorly stated or described,indistinct
unclear,poorly stated or described,imprecise
uncomfortable,conducive to or feeling mental discomfort,negative
unconscious,not conscious; lacking awareness and the capacity for sensory perception as if asleep or dead,asleep
underground,under the level of the ground,subsurface
underground,under the level of the ground,subterranean
underlying,be or form the base for,essential
understandable,capable of being apprehended or understood,clear
uneasy,lacking a sense of security or affording no ease or reassurance,apprehensive
uneasy,lacking a sense of security or affording no ease or reassurance,disturbed
unemployed,not engaged in a gainful occupation,inactive
unemployed,not engaged in a gainful occupation,jobless
unfamiliar,not known or well known,novel
unfamiliar,not known or well known,foreign
unfamiliar,not known or well known,strange
unfortunate,not favored by fortune; marked or accompanied by or resulting in ill fortune,bad
unfortunate,not favored by fortune; marked or accompanied by or resulting in ill fortune,negative
unhappy,experiencing or marked by or causing sadness or sorrow or discontent,sad
unhappy,experiencing or marked by or causing sadness or sorrow or discontent,negative
uniform,always the same; showing a single form or character in all occurrences,identical
uniform,always the same; showing a single form or character in all occurrences,steady
united,characterized by unity; being or joined into a single entity,collective
united,characterized by unity; being or joined into a single entity,single
universal,of worldwide scope or applicability,extensive
unlike,marked by dissimilarity,dissimilar
unnecessary,not necessary,extraneous
unnecessary,not necessary,superfluous
unprecedented,having no precedent; novel; never seen before,exceptional
unreasonable,not reasonable; not showing good judgment,irrational
unreasonable,not reasonable; not showing good judgment,illogical
unsuccessful,not successful; having failed or having an unfavorable outcome,negative
unsuccessful,not successful; having failed or having an unfavorable outcome,poor
unsuccessful,not successful; having failed or having an unfavorable outcome,unproductive
unusual,not usual or common or ordinary,different
unusual,not usual or common or ordinary,atypical
unusual,not usual or common or ordinary,abnormal
unusual,not usual or common or ordinary,remarkable
unusual,not usual or common or ordinary,exceptional
unwilling,not disposed to and refusing to do something,reluctant
unwilling,not disposed to and refusing to do something,opposed
unwilling,not disposed to and refusing to do something,negative
up-to-date,reflecting the latest information or changes,contemporary
up-to-date,reflecting the latest information or changes,recent
urgent,compelling immediate action,necessary
useful,being of use or service,valuable
useful,being of use or service,practical
vacant,without an occupant or incumbent,available
vague,"not precisely limited, determined, or distinguished",indefinite
vague,"not precisely limited, determined, or distinguished",indistinct
vain,characteristic of false pride; having an exaggerated sense of self-importance,self-centered
valid,well grounded in logic or truth or having legal force,logical
valuable,having great material or monetary value especially for use or exchange,beneficial
various,of many different kinds purposefully arranged but lacking any uniformity,multiple
various,of many different kinds purposefully arranged but lacking any uniformity,heterogeneous
varying,marked by diversity or difference,different
vast,unusually great in size or amount or degree or especially extent or scope,extensive
vast,unusually great in size or amount or degree or especially extent or scope,great
vast,unusually great in size or amount or degree or especially extent or scope,big
vicious,(of persons or their actions) able or disposed to inflict pain or suffering,harmful
vigorous,characterized by forceful and energetic action or activity,dynamic
virtual,being actually such in almost every respect,actual
virtual,being actually such in almost every respect,real
visible,capable of being seen; or open to easy view,noticeable
vivid,evoking lifelike images within the mind,expressive
vivid,evoking lifelike images within the mind,clear
vivid,evoking lifelike images within the mind,colorful
vocational,of or relating to a vocation or occupation; especially providing or undergoing training in special skills,practical
vocational,of or relating to a vocation or occupation; especially providing or undergoing training in special skills,educational
vocational,of or relating to a vocation or occupation; especially providing or undergoing training in special skills,occupational
voluntary,of your own free will or design; done by choice; not forced or compelled,free
voluntary,of your own free will or design; done by choice; not forced or compelled,autonomous
waiting,being and remaining ready and available for use,prepared
walking,close enough to be walked to,close
walking,close enough to be walked to,reachable
warm,having or producing a comfortable and agreeable degree of heat or imparting or maintaining heat,comfortable
waste,located in a dismal or remote area; desolate,bleak
weak,wanting in physical strength,powerless
wealthy,having an abundant supply of money or possessions of value,rich
weird,fate personified; any one of the three Weird Sisters,supernatural
weird,fate personified; any one of the three Weird Sisters,ominous
well,in good health especially after having suffered illness or injury,sound
well,in good health especially after having suffered illness or injury,recovered
western,relating to or characteristic of the western parts of the world or the West as opposed to the eastern or oriental parts,cultural
western,relating to or characteristic of the western parts of the world or the West as opposed to the eastern or oriental parts,global
western,relating to or characteristic of the western parts of the world or the West as opposed to the eastern or oriental parts,continental
wet,covered or soaked with a liquid such as water,saturated
whole,including all components without exception; being one unit or constituting the full amount or extent or duration; complete,total
wicked,morally bad in principle or practice,unethical
widespread,widely circulated or diffused,pervasive
wild,marked by extreme lack of restraint or control,reckless
wild,in a natural state; not tamed or domesticated or cultivated,uncontrolled
willing,disposed or inclined toward,amenable
willing,disposed or inclined toward,disposed
willing,disposed or inclined toward,prepared
wise,having or prompted by wisdom or discernment,knowledgeable
wonderful,extraordinarily good or great; used especially as intensifiers,great
wooden,made or consisting of (entirely or in part) or employing wood,manufactured
working,actively engaged in paid work,occupied
working-class,of those who work for wages especially manual or industrial laborers,economic
working-class,of those who work for wages especially manual or industrial laborers,laboring
working-class,of those who work for wages especially manual or industrial laborers,employed
worried,afflicted with or marked by anxious uneasiness or trouble or grief,concerned
worrying,causing distress or worry or anxiety,anxious
worrying,causing distress or worry or anxiety,alarming
worthwhile,sufficiently valuable to justify the investment of time or interest,valuable
worthy,having worth or merit or value; being honorable or admirable,honorable
worthy,having worth or merit or value; being honorable or admirable,good
written,set down in writing in any of various ways,expressed
yellow,of the color intermediate between green and orange in the color spectrum; of something resembling the color of an egg yolk,colorful
yellow,of the color intermediate between green and orange in the color spectrum; of something resembling the color of an egg yolk,colored
yellow,of the color intermediate between green and orange in the color spectrum; of something resembling the color of an egg yolk,bright
young,(used of living things especially persons) in an early period of life or development or growth,nascent
